area_actual,grupo_padre,grupo,codigo_destino,activo,notas
ADI (Academia de Idiomas),Extras,,adi-academia-de-idiomas,1,
Acreditación,Administrativos,Vicerrectorado,acreditacion,1,
Archivo,Administrativos,,archivo,1,
Archivos Contabilidad,Administrativos,Rectorado,archivos-contabilidad,1,
Asistente F.C.S.,Administrativos,,asistente-f-c-s,1,
Auditorio,Extras,Eventos,auditorio,1,
Aula A-01,Académicos,,academicos-modular,1,
Aula A-02,Académicos,,academicos-modular,1,
Aula A-03,Académicos,,academicos-modular,1,
Aula A-04,Académicos,,academicos-modular,1,
Aula A-05,Académicos,,academicos-modular,1,
Aula A-06,Académicos,,academicos-modular,1,
Aula A-07,Académicos,,academicos-modular,1,
Aula A-08,Académicos,,academicos-modular,1,
Aula A-09,Académicos,,academicos-modular,1,
Aula A-10,Académicos,,academicos-modular,1,
Aula A-11,Académicos,,academicos-modular,1,
Aula A-12,Académicos,,academicos-modular,1,
Aula B-01,Académicos,,academicos-modular,1,
Aula B-01 MED,Académicos,,academicos-semestral,1,"variante histórica, considerar desactivar"
Aula B-02,Académicos,,academicos-modular,1,
Aula B-02 MED,Académicos,,academicos-semestral,1,"variante histórica, considerar desactivar"
Aula B-03,Académicos,,academicos-modular,1,
Aula B-03 MED,Académicos,,academicos-semestral,1,"variante histórica, considerar desactivar"
Aula B-04,Académicos,,academicos-modular,1,
Aula B-04 MED,Académicos,,academicos-semestral,1,"variante histórica, considerar desactivar"
Aula B-05,Académicos,,academicos-modular,1,
Aula B-05 MED,Académicos,,academicos-semestral,1,"variante histórica, considerar desactivar"
Aula B-06,Académicos,,academicos-modular,1,
Aula B-06 MED,Académicos,,academicos-semestral,1,"variante histórica, considerar desactivar"
Aula B-07,Académicos,,academicos-modular,1,
Aula B-07 MED,Académicos,,academicos-semestral,1,"variante histórica, considerar desactivar"
Aula B-08,Académicos,,academicos-modular,1,
Aula B-09,Académicos,,academicos-modular,1,
Aula B-10,Académicos,,academicos-modular,1,
Aula B-11,Académicos,,academicos-modular,1,
Aula B-12,Académicos,,academicos-modular,1,
Aula B-13,Académicos,,academicos-modular,1,
Aula B-14,Académicos,,academicos-modular,1,
Aula B-15,Académicos,,academicos-modular,1,
Aula B-16,Académicos,,academicos-modular,1,
Aula B-17,Académicos,,academicos-modular,1,
Aula B-18,Académicos,,academicos-modular,1,
Aula B-19,Académicos,,academicos-modular,1,
Aula B-20,Académicos,,academicos-modular,1,
Aula B-21,Académicos,,academicos-modular,1,
Aula C-01,Académicos,,academicos-modular,1,
Aula C-02,Académicos,,academicos-modular,1,
Aula C-03,Académicos,,academicos-modular,1,
Aula C-04,Académicos,,academicos-modular,1,
Aula C-05,Académicos,,academicos-modular,1,
Aula C-06,Académicos,,academicos-modular,1,
Aula C-07,Académicos,,academicos-modular,1,
Aula C-08,Académicos,,academicos-modular,1,
Aula C-09,Académicos,,academicos-modular,1,
Aula C-10,Académicos,,academicos-modular,1,
Aula C-11,Académicos,,academicos-modular,1,
Aula C-12,Académicos,,academicos-modular,1,
Aula C-13,Académicos,,academicos-modular,1,
Aula C-14,Académicos,,academicos-modular,1,
Aula C-15,Académicos,,academicos-modular,1,
Aula C-16,Académicos,,academicos-modular,1,
Aula C-17,Académicos,,academicos-modular,1,
Aula C-18,Académicos,,academicos-modular,1,
Aula C-19,Académicos,,academicos-modular,1,
Aula C-20,Académicos,,academicos-modular,1,
Aula C-21,Académicos,,academicos-modular,1,
Aula C-22,Académicos,,academicos-modular,1,
Aula C-25,Académicos,,academicos-modular,1,
Aula D-01,Académicos,,academicos-modular,1,
Aula D-01 MED,Académicos,,academicos-semestral,1,"variante histórica, considerar desactivar"
Aula D-02,Académicos,,academicos-modular,1,
Aula D-02 MED,Académicos,,academicos-semestral,1,"variante histórica, considerar desactivar"
Aula D-03,Académicos,,academicos-modular,1,
Aula D-04,Académicos,,academicos-modular,1,
Aula D-04 MED,Académicos,,academicos-semestral,1,"variante histórica, considerar desactivar"
Aula D-05,Académicos,,academicos-modular,1,
Aula D-06,Académicos,,academicos-modular,1,
Aula D-06 MED,Académicos,,academicos-semestral,1,"variante histórica, considerar desactivar"
Aula D-07,Académicos,,academicos-modular,1,
Aula D-08,Académicos,,academicos-modular,1,
Aula D-09,Académicos,,academicos-modular,1,
Aula D-10,Académicos,,academicos-modular,1,
Aula D-11,Académicos,,academicos-modular,1,
Aula D-11 MED,Académicos,,academicos-semestral,1,"variante histórica, considerar desactivar"
Aula D-12,Académicos,,academicos-modular,1,
Aula D-13,Académicos,,academicos-modular,1,
Aula D-14,Académicos,,academicos-modular,1,
Aula D-15,Académicos,,academicos-modular,1,
Aula D-16,Académicos,,academicos-modular,1,
Aula D-17,Académicos,,academicos-modular,1,
Aula D-18,Académicos,,academicos-modular,1,
Aula E-01,Académicos,,academicos-semestral,1,
Aula E-02,Académicos,,academicos-semestral,1,
Aula E-03,Académicos,,academicos-semestral,1,
Aula E-04,Académicos,,academicos-semestral,1,
Aula E-05,Académicos,,academicos-semestral,1,
Biblioteca,Administrativos,,biblioteca,1,
Bienestar Estudiantil,Administrativos,,bienestar-estudiantil,1,
C. de Inv./ C. Empresariales,Administrativos,Investigación,c-de-inv-c-empresariales,1,
C. de Inv./ C. Salud,Administrativos,Investigación,c-de-inv-c-salud,1,
C. de Inv./ C. Sociales,Administrativos,Investigación,c-de-inv-c-sociales,1,
C. de Inv./ Ingeniería,Administrativos,Investigación,c-de-inv-ingenieria,1,
C. de Inv./C. Jurídicas,Administrativos,Investigación,c-de-inv-c-juridicas,1,
CAP,Administrativos,,cap,1,
Caja,Administrativos,,caja,1,
Camara Gessel,Académicos,,camara-gessel,1,
Contabilidad,Administrativos,Rectorado,contabilidad,1,
Coordinación Acad. FCS,Administrativos,,coordinacion-acad-fcs,1,
Data Center,Administrativos,,data-center,1,
Decanatura,Administrativos,Vicerrectorado,decanatura,1,
Directorio,Extras,,directorio,1,
Directorio (Rectorado),Extras,,directorio-rectorado,1,
EIAG,Extras,,eiag,1,
Extensión Universitaria,Administrativos,,extension-universitaria,1,
Jefatura Académica,Administrativos,Vicerrectorado,jefatura-academica,1,
Laboratorios de Computo,Académicos,,academicos-modular,1,
Laboratorios y gabinetes de Medicina,Académicos,,academicos-semestral,1,
Marketing,Administrativos,,marketing,1,
NAF,Administrativos,,naf,1,
Plaza UPDS,Extras,Eventos,plaza-upds,1,
Publicidad,Administrativos,,publicidad,1,
Recepción,Administrativos,,recepcion,1,
Rectorado,Administrativos,Rectorado,rectorado,1,
Rectorado Nacional,Extras,,rectorado-nacional,1,
Registro,Administrativos,,registro,1,
Relaciones Públicas,Administrativos,,relaciones-publicas,1,
SFIC,Extras,,sfic,1,
Sala 1 (Directorio),Extras,,sala-1-directorio,1,
Sala 2 (Directorio),Extras,,sala-2-directorio,1,
Sala 3 (Directorio),Extras,,sala-3-directorio,1,
Sala Magna,Administrativos,,sala-magna,1,
Sala de Docentes,Administrativos,Vicerrectorado,sala-de-docentes,1,
Sala de lectura,Administrativos,,sala-de-lectura,1,
Secretaria Consistencia,Administrativos,Rectorado,secretaria-consistencia,1,
Secretaria General,Administrativos,Rectorado,secretaria-general,1,
Servicios Generales,Administrativos,,servicios-generales,1,
Sistemas,Administrativos,,sistemas,1,
Soporte Técnico,Administrativos,,soporte-tecnico,1,
Souvenirs,Administrativos,,souvenirs,1,
Talento Humano,Administrativos,Rectorado,talento-humano,1,
Trámites Académicos,Administrativos,,tramites-academicos,1,
Vicerrectorado,Administrativos,Vicerrectorado,vicerrectorado,1,
Vicerrectorado Administrativo,Administrativos,Vicerrectorado,vicerrectorado-administrativo,1,
RRPP,,,relaciones-publicas,1,
Centro De Investigacion De Ingenieria,,,c-de-inv-ingenieria,1,
Centro de Investigacion de Ingenieria,,,c-de-inv-ingenieria,1,
centro De Investigacion De Ingenieria,,,c-de-inv-ingenieria,1,
Centro de Investigacion De Ingennieria,,,c-de-inv-ingenieria,1,
Centro de Invetsigacion De Ingenieria,,,c-de-inv-ingenieria,1,
MKT,,,marketing,1,
Marketing-Contabilidad,,,marketing,1,
Vicerrectorado Academico,,,vicerrectorado,1,
Rectorado regional,,,rectorado,1,
Rectorado Regional,,,rectorado,1,
Direcorio,,,directorio,1,
Directoio,,,directorio,1,
Archivos,,,archivo,1,
CICS,,,c-de-inv-c-sociales,1,
Centro De Investigacion De Ciencias Sociales,,,c-de-inv-c-sociales,1,
TTHH,,,talento-humano,1,
EAIG,,,eiag,1,
Datacenter,,,data-center,1,
Contailidad,,,contabilidad,1,
Sistmas,,,sistemas,1,
Vicerrectora,,,vicerrectorado,1,
Centro de Investigacion FCS,,,c-de-inv-c-salud,1,
Docentes,,,academicos-modular,1,
Docente,,,academicos-modular,1,
Doecntes,,,academicos-modular,1,
Atencion Docente,,,academicos-modular,1,
Posgrado,,,eiag,1,
Postgrado,,,eiag,1,
Posgraado,,,eiag,1,
Medicina,,,academicos-semestral,1,
Medicna,,,academicos-semestral,1,
CECYD,,,extension-universitaria,1,
Cabina Cecyd,,,extension-universitaria,1,
Internacionalizacion,,,eiag,1,
Enfermeria,,,academicos-semestral,1,
Sala Docentes,,,sala-de-docentes,1,
Piso A,,,academicos-modular,1,
Campus,,,academicos-modular,1,
Caja y Registro,,,caja,1,
Asistente Rectorado,,,rectorado,1,
Rectorado Lic.Ynes,,,rectorado,1,
Coelgio Domingo Savio,,,colegio-domingo-savio,1,
Constructora,,,constructora,1,
